
DELETE FROM `t_big_category`;

INSERT INTO `t_big_category` (`big_category_id`, `big_category_name`, `big_category_caption`, `big_category_image`) VALUES
	(1, '儿童测试', NULL, NULL),
	(2, '青少年测试', NULL, NULL);

DELETE FROM `t_evaluate_record`;

DELETE FROM `t_evaluate_score`;

DELETE FROM `t_small_category`;

INSERT INTO `t_small_category` (`small_category_id`, `big_category_id`, `small_category_name`) VALUES
	(1, 1, '活泼性格'),
	(2, 1, '儿童日常行为'),
	(3, 1, '儿童智力'),
	(4, 1, '心理健康'),
	(5, 1, '动觉型学习风格'),
	(6, 1, '音乐天赋'),
	(7, 1, '体育天赋'),
	(8, 2, '活泼性格'),
	(9, 2, '青少年日常行为'),
	(10, 2, '语文测试'),
	(11, 2, '专研风格'),
	(12, 2, '视觉型学习风格'),
	(13, 2, '音乐天赋'),
	(14, 2, '篮球天赋');

DELETE FROM `t_subject`;

INSERT INTO `t_subject` (`id`, `answer0`, `answer1`, `answer2`, `answer3`, `big_category_id`, `small_category_id`, `subject_answer`, `subject_conent`, `subject_weight`) VALUES
	(1, '喜好娱乐', '善于说服', '坚持不屑', '适应力强', 1, 1, 0, '在日常生活中，比较符合哪个选项？', 5),
	(2, '善于社交', '意志坚定', '不善交际', '温良平和', 1, 1, 0, '在人际交往中，比较符合哪个选项？', 5),
	(3, '发起者', '领导者', '调解者', '聆听者', 1, 1, 0, '在日常游戏中，喜欢扮演哪个角色？', 5),
	(4, '跳跃性', '攻击性', '规范性', '顺从性', 1, 1, 0, '在思维方式中，比较符合哪个选项？', 5),
	(5, '主动', '逆反', '挑剔', '胆小', 1, 1, 0, '在处理事务中，比较符合哪个选项？', 5),
	(6, '生机勃勃吧', '贯彻始终', '井井有条', '愿意听从', 1, 1, 0, '在生活自我管理中，比较符合哪个选项？', 5),
	(7, '吐在路边', '含在嘴里', '咽下去', '吐在纸巾里', 1, 2, 3, '如果走在马路上忽然想吐痰，又找不到垃圾桶，应该怎么办？', 5),
	(8, '节约用水', '节约用电', '在桌椅板上乱画乱刻', '随手关灯', 1, 2, 2, '下面哪个做法不正确？', 5),
	(9, '报告老师，同意后进入', '不进入', '偷偷进入', '随便进入', 1, 2, 0, '迟到或者有事情晚进入教师，应该怎么做？', 5),
	(10, '专心听别人讲', '随便插嘴', '不喜欢听就不听', '随便听听', 1, 2, 0, '别人与你交谈，应该怎么做？', 5),
	(11, '很生气，请病假不参加活动', '完全服从队的决议', '不情愿服从队的决议，随便筹备队会', '拒绝服从', 1, 2, 1, '我想主持主题中队会，可是队员推荐李杨作主持人，让我帮助中队委筹备队会，我应该怎么做？', 5),
	(12, '与平常一样，就当作没有人过来', '主动问好', '好奇的问同学去看', '不让他们进来', 1, 2, 1, '有客人到校或者到班级里听课，我应该怎么做？', 5),
	(13, '8', '9', '7', '6', 1, 3, 0, '农户有17只羊，9只都病死了，还剩几只羊？', 5),
	(14, '聋子', '瞎子', '瘸子', '正常人', 1, 3, 1, '谁从来不看医生？', 5),
	(15, '9', '8', '7', '6', 1, 3, 0, '鱼缸里有9条鱼，走近一看死了2条，这时鱼缸里还有几条鱼？', 5),
	(16, '5', '10', '20', '6', 1, 3, 0, '父子俩对手下棋，每人都下了5盘，他们一共下了几盘棋？', 5),
	(17, '10', '20', '6', '2', 1, 3, 3, '一面五星红旗上有两种颜色，10面五星红旗拱有多少中颜色？', 5),
	(18, '1', '2', '4', '6', 1, 3, 1, '一个人唱完学雷锋用了2分钟，3个人唱完这首歌，最少用积几分钟？', 5),
	(19, '从不', '偶尔', '常常', '总是', 1, 4, 0, '爱发脾气，控制能力差？', 5),
	(20, '从不', '偶尔', '常常', '总是', 1, 4, 0, '一到考试就焦虑、压力大？', 5),
	(21, '从不', '偶尔', '常常', '总是', 1, 4, 0, '厌学、逃学不上课，爱开小差？', 5),
	(22, '从不', '偶尔', '常常', '总是', 1, 4, 0, '人际交往差、不合群，不喜欢交朋友？', 5),
	(23, '从不', '偶尔', '常常', '总是', 1, 4, 0, '没有自信、胆小、自卑？', 5),
	(24, '从不', '偶尔', '常常', '总是', 1, 4, 0, '做事情，坚持不了多久，没有集中力？', 5),
	(25, '喜欢画画、拼图，动手能力强', '喜欢听故事', '好动，不愿守规矩', '喜欢静静得呆着', 1, 5, 0, '日常爱好比较符合哪个选项？', 5),
	(26, '不爱说话', '偶尔说话', '爱说、爱讲', '模仿说话', 1, 5, 1, '日常说话比较符合哪个选项？', 5),
	(27, '快', '慢', '中等', '比较慢', 1, 5, 0, '说话思考速度？', 5),
	(28, '看地图', '问路', '相信直觉', '等爸爸妈妈', 1, 5, 1, '迷路时，应该怎么做？', 5),
	(29, '运动', '看电影', '看书', '听音乐', 1, 5, 0, '业务时间，喜欢做什么？', 5),
	(30, '目不转睛看黑板', '心不在焉', '动来动去', '趴在桌上', 1, 5, 2, '上课表现是怎样的？', 5),
	(31, '很准', '不准', '偶尔准', '不喜欢唱歌', 1, 6, 0, '唱歌音阶怎么样？', 5),
	(32, '很出色', '不出色', '偶尔出色', '不背诗和韵律的句子', 1, 6, 0, '背诗和韵律的句子怎么样？', 5),
	(33, '很准', '不准', '偶尔准', '不辨别', 1, 6, 0, '辨别乐器的声音能力怎么样？', 5),
	(34, '喜欢', '不喜欢', '偶尔唱', '从来不唱', 1, 6, 0, '喜欢跟着儿歌一起唱歌？', 5),
	(35, '会，并且做的很协调', '会，但是不协调', '偶尔做', '不做', 1, 6, 0, '播放音乐，会跟着音乐一起做动作？', 5),
	(36, '可以，声情并茂', '会讲，但是讲的不好', '偶尔讲', '不讲', 1, 6, 0, '可以精彩的讲故事？', 5),
	(37, '经常', '偶尔', '不经常', '不跑步', 1, 7, 0, '日常是否经常跑来跑去？', 5),
	(38, '经常', '偶尔', '不经常', '不跳', 1, 7, 0, '日常是否经常跳来跳去？', 5),
	(39, '非常久', '就只能跑一会', '一般', '不跑步', 1, 7, 0, '日常是否可以跑很久？', 5),
	(40, '非常好', '一般', '不好', '不知道', 1, 7, 0, '柔韧性好不好？', 5),
	(41, '经常长', '不长', '一般', '偶尔长', 1, 7, 0, '每天运动时间长不长？', 5),
	(42, '非常喜欢', '偶尔', '一般', '不喜欢', 1, 7, 0, '喜欢看体育类的电视吗？', 5),
	(43, '非常喜欢', '偶尔喜欢', '不喜欢', '喜欢在家里带着', 1, 7, 0, '喜欢户外活动吗？', 5),
	(44, '非常活泼、好动、爱说话', '沉默寡言', '喜欢聆听', '喜欢安静', 2, 8, 0, '在日常生活中，比较符合哪个选项？', 5),
	(45, '善于社交', '意志坚定', '不善交际', '温良平和', 2, 8, 0, '在人际交往中，比较符合哪个选项？', 5),
	(46, '发起者', '领导者', '调解者', '聆听者', 2, 8, 0, '在日常游戏中，喜欢扮演哪个角色？', 5),
	(47, '跳跃性', '攻击性', '规范性', '顺从性', 2, 8, 0, '在思维方式中，比较符合哪个选项？', 5),
	(48, '主动', '逆反', '挑剔', '胆小', 2, 8, 0, '在处理事务中，比较符合哪个选项？', 5),
	(49, '生机勃勃吧', '贯彻始终', '井井有条', '愿意听从', 2, 8, 0, '在生活自我管理中，比较符合哪个选项？', 5),
	(50, '仪表端庄，和谐文雅', '穿戴不整洁', '不喜欢运动', '不刷牙', 2, 9, 0, '在日常生活中，哪项认为是正确的？', 5),
	(51, '语言肮脏', '语言文明', '骂人', '说脏话', 2, 9, 1, '说话时，应该注意什么？', 5),
	(52, '专心听别人讲', '随便插嘴', '不喜欢听就不听', '随便听听', 9, 9, 0, '别人与你交谈，应该怎么做？', 5),
	(53, '很生气，请病假不参加活动', '完全服从队的决议', '不情愿服从队的决议，随便筹备队会', '拒绝服从', 9, 9, 1, '我想主持主题中队会，可是队员推荐李杨作主持人，让我帮助中队委筹备队会，我应该怎么做？', 5),
	(54, '与平常一样，就当作没有人过来', '主动问好', '好奇的问同学去看', '不让他们进来', 2, 9, 1, '有客人到校或者到班级里听课，我应该怎么做？', 5),
	(55, '报告老师，同意后进入', '不进入', '偷偷进入', '随便进入', 2, 9, 0, '迟到或者有事情晚进入教师，应该怎么做？', 5),
	(56, '总是', '偶尔', '几次', '记不住', 2, 10, 0, '当你新接触到一个外语单词，你能在第一时间记住它的拼写吗？', 5),
	(57, '总是', '偶尔', '几次', '不能', 2, 10, 0, '在你的朋友中，又很多讲各自家乡话的人，在与人交往一段时间后，你发现你也能和他们以同样的方言交流吗？', 5),
	(58, '看原版', '看中文', '偶尔看原版', '实在没有中文，才看原版', 2, 10, 0, '当你对外语有了一定的了解后，你愿意看原版电影，还是看中文翻译？', 5),
	(59, '非常有兴趣', '没感觉', '不自在', '非常不自在', 2, 10, 0, '当你第一次听到某外国语种时，对哪些稀奇古怪的读音，又什么感受？', 5),
	(60, '会', '不会外语', '只背诵中文', '没尝试过', 2, 10, 0, '你会唱一首外国歌曲吗或者背诵外语散文吗？', 5),
	(61, '可以马上', '偶尔可以', '不会', '根本说不出来', 2, 10, 0, '你可以马上说出不同种类的词语各项用法吗？', 5),
	(62, '可以看得懂', '偶尔看得懂', '稍微看得懂', '看不懂', 2, 11, 0, '硬科幻、悬疑烧脑片能看懂？', 5),
	(63, '可以', '不行', '需要很久', '完全不行', 2, 11, 0, '三体原著能2-3口气看完的基本没问题？', 5),
	(64, '没有感觉', '偶尔感觉', '一点点不适', '非常不舒服', 2, 11, 0, '这次疫情中有没有感觉到极度不适？', 5),
	(65, '每天都在学习', '不学习', '偶尔学习', '睡觉', 2, 11, 0, '这次疫情中，在无人监管的状态下，有没有每天完成一些学习任务？', 5),
	(66, '不用调整', '格式非常错乱，需要来来回回调整', '格式前后不一致，需要调整', '偶尔调整', 2, 11, 0, '写文档时，文档格式需要调整吗？', 5),
	(67, '一学就会', '要很久才可以学会', '永远学不会', '偶尔学会', 2, 11, 0, '学习新鲜事务，例如学做饭，一学就会？', 5),
	(68, '喜欢画画、拼图，动手能力强', '喜欢听故事', '好动，不愿守规矩', '喜欢静静得呆着', 2, 12, 0, '日常爱好比较符合哪个选项？', 5),
	(69, '不爱说话', '偶尔说话', '爱说、爱讲', '模仿说话', 2, 12, 1, '日常说话比较符合哪个选项？', 5),
	(70, '快', '慢', '中等', '比较慢', 2, 12, 0, '说话思考速度？', 5),
	(71, '看地图', '问路', '相信直觉', '等爸爸妈妈', 2, 12, 1, '迷路时，应该怎么做？', 5),
	(72, '运动', '看电影', '看书', '听音乐', 2, 12, 0, '业务时间，喜欢做什么？', 5),
	(73, '目不转睛看黑板', '心不在焉', '动来动去', '趴在桌上', 2, 12, 2, '上课表现是怎样的？', 5),
	(74, '很准', '不准', '偶尔准', '不喜欢唱歌', 2, 13, 0, '唱歌音阶怎么样？', 5),
	(75, '很出色', '不出色', '偶尔出色', '不背诗和韵律的句子', 2, 13, 0, '背诗和韵律的句子怎么样？', 5),
	(76, '很准', '不准', '偶尔准', '不辨别', 2, 13, 0, '辨别乐器的声音能力怎么样？', 5),
	(77, '喜欢', '不喜欢', '偶尔唱', '从来不唱', 2, 13, 0, '喜欢跟着儿歌一起唱歌？', 5),
	(78, '会，并且做的很协调', '会，但是不协调', '偶尔做', '不做', 2, 13, 0, '播放音乐，会跟着音乐一起做动作？', 5),
	(79, '可以，声情并茂', '会讲，但是讲的不好', '偶尔讲', '不讲', 2, 13, 0, '可以精彩的讲故事？', 5),
	(80, '是的', '不是', '偶尔', '看情况', 2, 14, 0, '你是不是觉得会打篮球的人很帅气？', 5),
	(81, '是的', '不是', '偶尔', '看情况', 2, 14, 0, '你是不是觉得女生会打篮球是一件很酷的事情？', 5),
	(82, '是的', '不是', '偶尔', '看情况', 2, 14, 0, '篮球对你来说是不是一项有趣的运动？', 5),
	(83, '篮球', '游戏', '都不喜欢', '看情况', 2, 14, 0, '游戏和篮球你更喜欢哪个？', 5),
	(84, '是的', '不是', '偶尔', '看情况', 2, 14, 0, '你是否关注NBA？', 5),
	(85, '是的', '不是', '偶尔', '看情况', 2, 14, 0, '你腿脚很协调？', 5);
